{
  "batch_size": 0.7788630479014524,
  "hidden_units": 0.04443221855709329,
  "beta": 0.03986155291703313,
  "eq_iters": 0.03641709256373408,
  "lr": 0.03386567894065038,
  "loop_radius": 0.02977996920556885,
  "gamma": 0.015317233100439913,
  "n_hidden_layers": 0.013770066223154265,
  "activation": 0.007693140590873806
}