{
  "symmetric": 0.8590410010128883,
  "lr": 0.04577611033555356,
  "batch_size": 0.030444767663882082,
  "eq_iters": 0.017292147466236064,
  "tolerance": 0.014253341271823244,
  "activation": 0.012247081721807097,
  "attention_type": 0.011557455445158762,
  "beta": 0.005245168228708366,
  "gamma": 0.0034336844239692033,
  "hidden_units": 0.0007092424299734824
}