{
  "lr": 0.6836814161861339,
  "activation": 0.1138404779749053,
  "batch_size": 0.1021825618992877,
  "hidden_units": 0.09924986097528687,
  "weight_decay": 0.0010164982012829218,
  "optimizer": 2.9184763103406454e-05
}