{
  "Digits (8x8)": {
    "BackpropMLP": {
      "mean_acc": 97.03703703703702,
      "std_acc": 0.34644975803462263,
      "seeds": [
        96.94444444444444,
        96.66666666666667,
        97.5
      ],
      "mean_time": 1.176303466161092
    },
    "LoopedMLP (SN)": {
      "mean_acc": 94.62962962962963,
      "std_acc": 0.7290748031492384,
      "seeds": [
        95.0,
        93.61111111111111,
        95.27777777777777
      ],
      "mean_time": 25.03437415758769
    },
    "ModernEqProp (SN)": {
      "mean_acc": 94.25925925925925,
      "std_acc": 0.3464497580346277,
      "seeds": [
        93.88888888888889,
        94.72222222222223,
        94.16666666666667
      ],
      "mean_time": 37.881275018056236
    },
    "MSTEP (SN)": {
      "mean_acc": 93.8888888888889,
      "std_acc": 0.6804138174397737,
      "seeds": [
        93.88888888888889,
        93.05555555555556,
        94.72222222222223
      ],
      "mean_time": 61.533668200174965
    },
    "EnhancedMSTEP (SN)": {
      "mean_acc": 90.27777777777777,
      "std_acc": 4.249182927993987,
      "seeds": [
        84.44444444444444,
        94.44444444444444,
        91.94444444444444
      ],
      "mean_time": 78.83079020182292
    }
  },
  "MNIST": {
    "BackpropMLP": {
      "mean_acc": 94.90666666666665,
      "std_acc": 0.05436502143433473,
      "seeds": [
        94.94,
        94.95,
        94.83
      ],
      "mean_time": 19.942240556081135
    },
    "LoopedMLP (SN)": {
      "mean_acc": 94.21666666666665,
      "std_acc": 0.08379870059984461,
      "seeds": [
        94.33,
        94.19,
        94.13
      ],
      "mean_time": 39.94460892677307
    },
    "ModernEqProp (SN)": {
      "mean_acc": 85.88,
      "std_acc": 2.202377503214804,
      "seeds": [
        88.95,
        84.8,
        83.89
      ],
      "mean_time": 50.91257977485657
    },
    "MSTEP (SN)": {
      "mean_acc": 76.98333333333333,
      "std_acc": 6.906385129396962,
      "seeds": [
        83.52,
        67.43,
        80.0
      ],
      "mean_time": 68.13556241989136
    },
    "EnhancedMSTEP (SN)": {
      "mean_acc": 83.20666666666666,
      "std_acc": 2.763202650709659,
      "seeds": [
        80.08,
        86.8,
        82.74
      ],
      "mean_time": 96.43954213460286
    }
  },
  "Fashion-MNIST": {
    "BackpropMLP": {
      "mean_acc": 83.25333333333333,
      "std_acc": 0.3318969050105066,
      "seeds": [
        83.42,
        83.55,
        82.79
      ],
      "mean_time": 19.785547335942585
    },
    "LoopedMLP (SN)": {
      "mean_acc": 83.32333333333334,
      "std_acc": 0.2054804667656324,
      "seeds": [
        83.09,
        83.29,
        83.59
      ],
      "mean_time": 41.197574536005654
    },
    "ModernEqProp (SN)": {
      "mean_acc": 76.89333333333333,
      "std_acc": 2.5136206732299313,
      "seeds": [
        74.11,
        76.37,
        80.2
      ],
      "mean_time": 50.78683272997538
    },
    "MSTEP (SN)": {
      "mean_acc": 74.82,
      "std_acc": 2.8143323660624495,
      "seeds": [
        75.95,
        77.56,
        70.95
      ],
      "mean_time": 64.52017752329509
    },
    "EnhancedMSTEP (SN)": {
      "mean_acc": 60.25333333333333,
      "std_acc": 14.160203231435469,
      "seeds": [
        46.71,
        79.8,
        54.25
      ],
      "mean_time": 108.07220713297527
    }
  },
  "CartPole-BC": {
    "BackpropMLP": {
      "mean_acc": 99.80000000000001,
      "std_acc": 0.08164965809277376,
      "seeds": [
        99.7,
        99.9,
        99.8
      ],
      "mean_time": 2.984661022822062
    },
    "LoopedMLP (SN)": {
      "mean_acc": 97.13333333333333,
      "std_acc": 1.6438437341250607,
      "seeds": [
        99.0,
        97.4,
        95.0
      ],
      "mean_time": 68.66579659779866
    },
    "ModernEqProp (SN)": {
      "mean_acc": 98.23333333333333,
      "std_acc": 1.4522013940527974,
      "seeds": [
        96.3,
        99.8,
        98.6
      ],
      "mean_time": 96.21988375981648
    },
    "MSTEP (SN)": {
      "mean_acc": 93.60000000000001,
      "std_acc": 7.605699617173075,
      "seeds": [
        99.9,
        98.0,
        82.9
      ],
      "mean_time": 151.6988412539164
    },
    "EnhancedMSTEP (SN)": {
      "mean_acc": 77.89999999999999,
      "std_acc": 21.140640166907595,
      "seeds": [
        48.6,
        87.4,
        97.7
      ],
      "mean_time": 194.16827336947122
    }
  },
  "Acrobot-BC": {
    "BackpropMLP": {
      "mean_acc": 97.96666666666665,
      "std_acc": 0.4714045207910317,
      "seeds": [
        98.3,
        98.3,
        97.3
      ],
      "mean_time": 3.0627357165018716
    },
    "LoopedMLP (SN)": {
      "mean_acc": 96.83333333333333,
      "std_acc": 1.1671427600007778,
      "seeds": [
        96.5,
        95.6,
        98.4
      ],
      "mean_time": 87.62671724955241
    },
    "ModernEqProp (SN)": {
      "mean_acc": 75.96666666666665,
      "std_acc": 0.8498365855987975,
      "seeds": [
        74.8,
        76.3,
        76.8
      ],
      "mean_time": 113.26696197191875
    },
    "MSTEP (SN)": {
      "mean_acc": 77.1,
      "std_acc": 1.1430952132988195,
      "seeds": [
        78.7,
        76.5,
        76.1
      ],
      "mean_time": 154.46801042556763
    },
    "EnhancedMSTEP (SN)": {
      "mean_acc": 77.06666666666666,
      "std_acc": 0.5792715732327613,
      "seeds": [
        77.7,
        76.3,
        77.2
      ],
      "mean_time": 203.4978240331014
    }
  }
}