{
  "stability": [
    {
      "name": "With SN",
      "final_accuracy": 99.75,
      "final_lipschitz": 1.0083889961242676,
      "diverged": false,
      "lipschitz_history": [
        1.00006902217865,
        1.0000466108322144,
        1.0013011693954468,
        1.0008556842803955,
        1.0090869665145874,
        1.0131803750991821,
        1.0006009340286255,
        1.0241589546203613,
        1.0057212114334106,
        1.0083889961242676
      ]
    },
    {
      "name": "Without SN",
      "final_accuracy": 99.5,
      "final_lipschitz": 1.3312188386917114,
      "diverged": false,
      "lipschitz_history": [
        1.019943356513977,
        1.08498215675354,
        1.1219778060913086,
        1.146271824836731,
        1.1774605512619019,
        1.2039543390274048,
        1.2346343994140625,
        1.2640914916992188,
        1.2999958992004395,
        1.3312188386917114
      ]
    },
    {
      "name": "Weight Clipping",
      "final_accuracy": 99.45,
      "final_lipschitz": 1.3325861692428589,
      "diverged": false,
      "lipschitz_history": [
        1.0176857709884644,
        1.0391693115234375,
        1.0771269798278809,
        1.1115413904190063,
        1.1549901962280273,
        1.1951138973236084,
        1.2344365119934082,
        1.2720125913619995,
        1.3040987253189087,
        1.3325861692428589
      ]
    }
  ],
  "beta_sweep": {
    "with_sn": {
      "0.01": 94.89999999999999,
      "0.05": 95.19999999999999,
      "0.1": 94.8,
      "0.22": 95.7,
      "0.5": 95.6,
      "1.0": 96.1
    },
    "without_sn": {
      "0.01": 93.10000000000001,
      "0.05": 93.8,
      "0.1": 93.4,
      "0.22": 94.1,
      "0.5": 94.39999999999999,
      "1.0": 94.3
    }
  },
  "depth_scaling": {
    "with_sn": {
      "1": {
        "accuracy": 100.0,
        "lipschitz": 1.065840482711792,
        "diverged": false
      },
      "5": {
        "accuracy": 92.59999990463257,
        "lipschitz": 1.0136057138442993,
        "diverged": false
      },
      "10": {
        "accuracy": 99.19999837875366,
        "lipschitz": 1.020843505859375,
        "diverged": false
      },
      "20": {
        "accuracy": 100.0,
        "lipschitz": 1.0189796686172485,
        "diverged": false
      },
      "50": {
        "accuracy": 100.0,
        "lipschitz": 1.0005466938018799,
        "diverged": false
      }
    },
    "without_sn": {
      "1": {
        "accuracy": 100.0,
        "lipschitz": 0.590428352355957,
        "diverged": false
      },
      "5": {
        "accuracy": 100.0,
        "lipschitz": 0.07899223022893463,
        "diverged": false
      },
      "10": {
        "accuracy": 100.0,
        "lipschitz": 0.006082266266648675,
        "diverged": false
      },
      "20": {
        "accuracy": 100.0,
        "lipschitz": 3.0987884829947295e-05,
        "diverged": false
      },
      "50": {
        "accuracy": 100.0,
        "lipschitz": 3.366687611827436e-12,
        "diverged": false
      }
    }
  }
}