{
  "cifar10_tiny": {
    "WITH SN": {
      "test_acc": 39.6,
      "final_L": 5.3470964431762695,
      "diverged": false,
      "lipschitz_history": [
        2.1072840690612793,
        2.634934902191162,
        2.872164011001587,
        2.9398746490478516,
        2.9863879680633545,
        3.256206512451172,
        3.5289018154144287,
        3.367304563522339,
        3.4167914390563965,
        3.6425437927246094,
        3.6952428817749023,
        3.8173816204071045,
        3.945240020751953,
        4.07923698425293,
        4.156863212585449,
        4.2108564376831055,
        4.316933631896973,
        4.432131767272949,
        4.516031265258789,
        4.622421741485596,
        4.631549835205078,
        4.732489109039307,
        4.8259687423706055,
        4.913667678833008,
        5.010141849517822,
        5.093106746673584,
        5.17402458190918,
        5.20667839050293,
        5.334383010864258,
        5.3470964431762695
      ],
      "train_acc_history": [
        25.56,
        32.42,
        36.8,
        40.52,
        43.059999999999995,
        45.0,
        47.3,
        48.72,
        50.44,
        52.459999999999994,
        54.0,
        53.86,
        56.56,
        57.24,
        58.86,
        59.31999999999999,
        60.099999999999994,
        60.699999999999996,
        61.839999999999996,
        61.86000000000001,
        64.12,
        63.6,
        65.06,
        64.9,
        66.74,
        66.28,
        67.38,
        67.66,
        68.84,
        68.08
      ]
    },
    "WITHOUT SN": {
      "test_acc": 32.2,
      "final_L": 4.503051280975342,
      "diverged": false,
      "lipschitz_history": [
        2.1258931159973145,
        2.3478493690490723,
        2.438565492630005,
        2.568981170654297,
        2.7438924312591553,
        3.010784387588501,
        3.0853700637817383,
        3.027641534805298,
        3.3529179096221924,
        3.390897512435913,
        3.2995834350585938,
        3.413280725479126,
        3.594978094100952,
        3.4907917976379395,
        3.6532866954803467,
        3.897311210632324,
        4.044356346130371,
        4.018923759460449,
        3.950350046157837,
        3.9349935054779053,
        4.000582695007324,
        4.082238674163818,
        4.137692928314209,
        4.118988990783691,
        4.1902642250061035,
        4.279991149902344,
        4.1283698081970215,
        4.316209316253662,
        4.505091667175293,
        4.503051280975342
      ],
      "train_acc_history": [
        22.54,
        27.36,
        29.160000000000004,
        30.18,
        30.98,
        31.28,
        31.8,
        33.160000000000004,
        30.98,
        32.64,
        33.58,
        34.28,
        34.22,
        34.56,
        34.36,
        34.14,
        34.699999999999996,
        35.92,
        36.02,
        35.64,
        34.9,
        34.660000000000004,
        34.839999999999996,
        36.059999999999995,
        34.839999999999996,
        36.66,
        36.26,
        34.72,
        34.18,
        34.839999999999996
      ]
    }
  },
  "cifar10_long": {
    "WITH SN": {
      "test_acc": 41.4,
      "final_L": 4.942701816558838,
      "diverged": false,
      "lipschitz_history": [
        1.8600692749023438,
        2.247192144393921,
        2.3799424171447754,
        2.767709970474243,
        2.7607367038726807,
        2.7782936096191406,
        2.764092445373535,
        2.8160483837127686,
        2.9331023693084717,
        3.007894515991211,
        3.094593048095703,
        3.212219476699829,
        3.3233721256256104,
        3.369333505630493,
        3.4695980548858643,
        3.5383553504943848,
        3.568117618560791,
        3.6707465648651123,
        3.697821617126465,
        3.8147900104522705,
        3.8492181301116943,
        3.8834497928619385,
        3.963562250137329,
        3.964036464691162,
        4.057816028594971,
        4.102005481719971,
        4.167544364929199,
        4.203622817993164,
        4.2517008781433105,
        4.217588901519775,
        4.286345481872559,
        4.3362298011779785,
        4.417381763458252,
        4.467838287353516,
        4.548273086547852,
        4.530730247497559,
        4.599128246307373,
        4.6277947425842285,
        4.666647911071777,
        4.666921138763428,
        4.745820045471191,
        4.821934700012207,
        4.7801194190979,
        4.785238265991211,
        4.820383548736572,
        4.833868980407715,
        4.880220413208008,
        4.9365644454956055,
        4.943785667419434,
        4.942701816558838
      ],
      "train_acc_history": [
        26.279999999999998,
        34.88,
        39.92,
        42.68,
        46.12,
        49.059999999999995,
        52.22,
        54.0,
        56.42,
        57.99999999999999,
        61.1,
        62.019999999999996,
        63.980000000000004,
        64.56,
        66.86,
        68.44,
        69.19999999999999,
        70.32000000000001,
        71.38,
        71.89999999999999,
        72.18,
        72.78,
        74.68,
        74.9,
        75.1,
        75.62,
        76.55999999999999,
        77.48,
        77.5,
        77.7,
        78.9,
        79.4,
        80.38,
        80.4,
        80.62,
        80.46,
        81.56,
        81.36,
        82.16,
        83.04,
        82.54,
        82.94,
        83.76,
        83.12,
        83.48,
        84.34,
        84.0,
        84.68,
        85.54,
        85.96000000000001
      ]
    },
    "WITHOUT SN": {
      "test_acc": 35.199999999999996,
      "final_L": 6.554581165313721,
      "diverged": false,
      "lipschitz_history": [
        2.282991409301758,
        2.4460859298706055,
        2.6221015453338623,
        2.8167598247528076,
        2.9000988006591797,
        3.0066261291503906,
        3.1736466884613037,
        3.272101640701294,
        3.228361129760742,
        3.385378837585449,
        3.3434581756591797,
        3.5358963012695312,
        3.683568000793457,
        3.8690073490142822,
        4.032797813415527,
        4.06688117980957,
        4.136098384857178,
        4.301936149597168,
        4.435083866119385,
        4.5736589431762695,
        4.603826522827148,
        4.678216457366943,
        4.852841377258301,
        4.701358795166016,
        4.7878642082214355,
        4.899862289428711,
        4.886699199676514,
        4.881908416748047,
        4.899805545806885,
        4.9427266120910645,
        5.047397613525391,
        5.142475605010986,
        5.187561988830566,
        5.276925086975098,
        5.2798590660095215,
        5.234487056732178,
        5.480007171630859,
        5.555373191833496,
        5.562756061553955,
        5.694932460784912,
        5.747418403625488,
        5.812044620513916,
        5.957248687744141,
        5.966833114624023,
        6.065433502197266,
        6.118613243103027,
        6.297010898590088,
        6.359377384185791,
        6.438166618347168,
        6.554581165313721
      ],
      "train_acc_history": [
        24.959999999999997,
        31.5,
        33.339999999999996,
        34.98,
        34.88,
        35.64,
        37.480000000000004,
        38.14,
        39.18,
        40.0,
        39.160000000000004,
        39.94,
        41.46,
        41.22,
        40.6,
        40.62,
        41.74,
        42.32,
        42.66,
        42.96,
        42.22,
        42.6,
        41.3,
        42.72,
        43.56,
        43.86,
        44.78,
        44.9,
        44.1,
        44.1,
        44.24,
        44.3,
        45.660000000000004,
        44.32,
        46.04,
        45.34,
        44.34,
        45.739999999999995,
        46.32,
        46.660000000000004,
        45.739999999999995,
        45.62,
        46.44,
        47.339999999999996,
        47.9,
        46.5,
        46.56,
        46.18,
        45.800000000000004,
        45.94
      ]
    }
  },