{
  "n_trials": 16,
  "importance": {
    "epochs": 13.51119392763539,
    "damping": 4.765633273490833,
    "lr": 3.1435998654080772,
    "max_iters": 0.6143164615432913,
    "beta": 0.49187838476337564
  },
  "best_values": {
    "d_model": {
      "value": 8,
      "performance": 0.46400625
    },
    "lr": {
      "value": 0.002,
      "performance": 0.56315
    },
    "beta": {
      "value": 0.3,
      "performance": 0.6165666666666666
    },
    "damping": {
      "value": 0.9,
      "performance": 0.543711111111111
    },
    "max_iters": {
      "value": 20,
      "performance": 0.5575
    },
    "epochs": {
      "value": 2,
      "performance": 0.5896875
    }
  },
  "sensitivity": {
    "lr": {
      "values": [
        "0.001",
        "0.002"
      ],
      "means": [
        0.40452000000000005,
        0.56315
      ],
      "stds": [
        0.15734768380881875,
        0.16963794534242627
      ],
      "correlation": 0.42821573333720014,
      "monotonic": true
    },
    "beta": {
      "values": [
        "0.15",
        "0.2",
        "0.22",
        "0.25",
        "0.3",
        "0.4"
      ],
      "means": [
        0.4060333333333333,
        0.49875,
        0.432,
        0.43240000000000006,
        0.6165666666666666,
        0.38280000000000003
      ],
      "stds": [
        0.23993707971512496,
        0.0062500000000000056,
        0.21974532228620178,
        0.11277538147426798,
        0.10512488869065319,
        0.10969999999999999
      ],
      "correlation": 0.0711483968234515,
      "monotonic": false
    },
    "damping": {
      "values": [
        "0.8",
        "0.9"
      ],
      "means": [
        0.3615285714285714,
        0.543711111111111
      ],
      "stds": [
        0.12068853317865923,
        0.17699987724066327
      ],
      "correlation": 0.5039398440181055,
      "monotonic": true
    },
    "max_iters": {
      "values": [
        "3",
        "5",
        "8",
        "10",
        "20"
      ],
      "means": [
        0.3427,
        0.496525,
        0.39115,
        0.46586666666666665,
        0.5575
      ],
      "stds": [
        0.11515024967406715,
        0.2491005356778664,
        0.12555000000000002,
        0.1357488448897039,
        0.10706306552681931
      ],
      "correlation": 0.32328441682717973,
      "monotonic": false
    },
    "epochs": {
      "values": [
        "1",
        "2"
      ],
      "means": [
        0.338325,
        0.5896875
      ],
      "stds": [
        0.13556376497796158,
        0.11982042227329197
      ],
      "correlation": 0.7007968557438387,
      "monotonic": true
    }
  }
}